<?xml version = "1.0"?>
<!-- planes.xml - A document that lists ads for used airplanes -->
<?xml-stylesheet type = "text/css"  href = "bookshelf.css" ?>

<!DOCTYPE bookshelf [
<!ELEMENT bookshelf (book+)>

<!ELEMENT book (author,title,publisher,publishdate,description,
                location)>

<!ELEMENT author (#PCDATA)>

<!ELEMENT title (#PCDATA)>

<!ELEMENT publisher (#PCDATA)>

<!ELEMENT publishdate (#PCDATA)>

<!ELEMENT description (#PCDATA)>

<!ELEMENT location (#PCDATA)>
] >

<bookshelf>
<book>
 <author>Robert W. Sebesta</author>
 <title>Programming the World Wide Web, 5rd edition</title>
 <publisher>Addison Wesley</publisher>
 <publishdate>2009</publishdate>
 <description>Introduction to Web application development</description>
 <location>specify the url</location> 
</book>
<book>
 <author>Robert W. Sebesta ||</author>
 <title>Programming the World Wide Web, 6rd edition</title>
 <publisher>Addison Wesley</publisher>
 <publishdate>2015</publishdate>
 <description>Introduction to Web application development</description>
 <location>specify the url</location> 
</book>
<book>
 <author>Robert W. Sebesta |||</author>
 <title>Programming the World Wide Web, 7rd edition</title>
 <publisher>Addison Wesley</publisher>
 <publishdate>2019</publishdate>
 <description>Introduction to Web application development</description>
 <location>specify the url</location> 
</book>
</bookshelf>