<?xml version = "1.0"?>
<?xml-stylesheet type = "text/xsl" href = "mybookshelf.xsl"?>

<bookshelf>
<book>
 <author>Robert W. Sebesta</author>
 <title>Programming the World Wide Web, 5rd edition</title>
 <publisher>Addison Wesley</publisher>
 <publishdate>2009</publishdate>
 <description>Introduction to Web application development</description>
 <location>specify the url</location> 
</book>
<book>
 <author>Robert W. Sebesta ||</author>
 <title>Programming the World Wide Web, 6rd edition</title>
 <publisher>Addison Wesley</publisher>
 <publishdate>2015</publishdate>
 <description>Introduction to Web application development</description>
 <location>specify the url</location> 
</book>
<book>
 <author>Robert W. Sebesta |||</author>
 <title>Programming the World Wide Web, 7rd edition</title>
 <publisher>Addison Wesley</publisher>
 <publishdate>2019</publishdate>
 <description>Introduction to Web application development</description>
 <location>specify the url</location> 
</book>
</bookshelf>
